{
  "study_name": "ahc040-20241209_042157-group-1",
  "n": 77,
  "t": 65,
  "sigma": 9185,
  "params": {
    "arrange_count": 8,
    "query_annealing_duration_sec": 0.15034293274136476,
    "mcmc_init_duration_sec": 0.09754808507149756,
    "beam_mcts_duration_ratio": 0.5592425142260375,
    "mcmc_duration_ratio": 0.13587619192246256,
    "mcts_turn": 19,
    "mcts_expansion_threshold": 2,
    "mcts_candidates_count": 5,
    "parallel_score_mul": 0.9615951927290705,
    "width_buf": 1.1354303248236957,
    "ucb1_tuned_coef": 0.3092280559440077
  }
}