{
  "study_name": "ahc040-20241209_043854-group-1",
  "n": 73,
  "t": 155,
  "sigma": 2492,
  "params": {
    "arrange_count": 14,
    "query_annealing_duration_sec": 0.06817166191305504,
    "mcmc_init_duration_sec": 0.08206842743620439,
    "beam_mcts_duration_ratio": 0.5375225340419559,
    "mcmc_duration_ratio": 0.05381417519297624,
    "mcts_turn": 11,
    "mcts_expansion_threshold": 4,
    "mcts_candidates_count": 3,
    "parallel_score_mul": 0.7842713823680666,
    "width_buf": 1.0590182751276571,
    "ucb1_tuned_coef": 0.35310598989019865
  }
}