{
  "study_name": "ahc040-20241209_073910-group-23",
  "n": 56,
  "t": 117,
  "sigma": 4053,
  "params": {
    "arrange_count": 9,
    "query_annealing_duration_sec": 0.1825665673141379,
    "mcmc_init_duration_sec": 0.1484392860694,
    "beam_mcts_duration_ratio": 0.5189520005715675,
    "mcmc_duration_ratio": 0.04270963808323443,
    "mcts_turn": 15,
    "mcts_expansion_threshold": 3,
    "mcts_candidates_count": 4,
    "parallel_score_mul": 0.8742495712994995,
    "width_buf": 1.1000151128518822,
    "ucb1_tuned_coef": 0.42870470539688343
  }
}