{
  "study_name": "ahc040-20241209_064113-group-16",
  "n": 90,
  "t": 226,
  "sigma": 5250,
  "params": {
    "arrange_count": 12,
    "query_annealing_duration_sec": 0.08894068340068716,
    "mcmc_init_duration_sec": 0.13668547638635742,
    "beam_mcts_duration_ratio": 0.681197431168054,
    "mcmc_duration_ratio": 0.09052230440255804,
    "mcts_turn": 11,
    "mcts_expansion_threshold": 3,
    "mcts_candidates_count": 4,
    "parallel_score_mul": 0.7634204623637127,
    "width_buf": 1.0692838915152578,
    "ucb1_tuned_coef": 0.7634441213312072
  }
}