{
  "study_name": "ahc040-20241209_051129-group-5",
  "n": 68,
  "t": 222,
  "sigma": 4233,
  "params": {
    "arrange_count": 9,
    "query_annealing_duration_sec": 0.15799773654454166,
    "mcmc_init_duration_sec": 0.12509699142739053,
    "beam_mcts_duration_ratio": 0.5009780159070014,
    "mcmc_duration_ratio": 0.07620895769308737,
    "mcts_turn": 17,
    "mcts_expansion_threshold": 5,
    "mcts_candidates_count": 3,
    "parallel_score_mul": 0.7173154200377675,
    "width_buf": 1.059699734383952,
    "ucb1_tuned_coef": 0.15337726287190345
  }
}