{
  "study_name": "ahc040-20241209_073007-group-22",
  "n": 60,
  "t": 101,
  "sigma": 7872,
  "params": {
    "arrange_count": 12,
    "query_annealing_duration_sec": 0.2996121039335862,
    "mcmc_init_duration_sec": 0.14894406962084988,
    "beam_mcts_duration_ratio": 0.49498343112634235,
    "mcmc_duration_ratio": 0.06616487057418721,
    "mcts_turn": 16,
    "mcts_expansion_threshold": 2,
    "mcts_candidates_count": 3,
    "parallel_score_mul": 0.8288393097302994,
    "width_buf": 1.1102411641544732,
    "ucb1_tuned_coef": 0.9391443306074843
  }
}