{
  "study_name": "ahc040-20241209_081744-group-4",
  "n": 70,
  "t": 121,
  "sigma": 3073,
  "params": {
    "arrange_count": 8,
    "query_annealing_duration_sec": 0.2888126653398948,
    "mcmc_init_duration_sec": 0.08750990801010783,
    "beam_mcts_duration_ratio": 0.5015788575401311,
    "mcmc_duration_ratio": 0.07591293426039755,
    "mcts_turn": 19,
    "mcts_expansion_threshold": 5,
    "mcts_candidates_count": 3,
    "parallel_score_mul": 0.7619690015628984,
    "width_buf": 1.0386774431704893,
    "ucb1_tuned_coef": 0.1213463364107144
  }
}