{
  "study_name": "ahc040-20241209_033240-group-3",
  "n": 90,
  "t": 250,
  "sigma": 3457,
  "params": {
    "arrange_count": 8,
    "query_annealing_duration_sec": 0.155725809913156,
    "mcmc_init_duration_sec": 0.12517670441060114,
    "beam_mcts_duration_ratio": 0.5516945575025579,
    "mcmc_duration_ratio": 0.05526293929320277,
    "mcts_turn": 12,
    "mcts_expansion_threshold": 1,
    "mcts_candidates_count": 4,
    "parallel_score_mul": 0.7645954768676645,
    "width_buf": 1.0503111076395644,
    "ucb1_tuned_coef": 0.12179242361055441
  }
}