{
  "study_name": "ahc040-20241209_063250-group-15",
  "n": 87,
  "t": 68,
  "sigma": 2924,
  "params": {
    "arrange_count": 6,
    "query_annealing_duration_sec": 0.1945319411012834,
    "mcmc_init_duration_sec": 0.1262799792815971,
    "beam_mcts_duration_ratio": 0.5754159091307745,
    "mcmc_duration_ratio": 0.0322098354361676,
    "mcts_turn": 20,
    "mcts_expansion_threshold": 2,
    "mcts_candidates_count": 3,
    "parallel_score_mul": 0.8350165755808234,
    "width_buf": 1.1139735711279986,
    "ucb1_tuned_coef": 0.12243885576203349
  }
}