{
  "study_name": "ahc040-20241209_040624-group-4",
  "n": 91,
  "t": 240,
  "sigma": 4285,
  "params": {
    "arrange_count": 9,
    "query_annealing_duration_sec": 0.17206895762323487,
    "mcmc_init_duration_sec": 0.07955146399831878,
    "beam_mcts_duration_ratio": 0.5758350186973207,
    "mcmc_duration_ratio": 0.10662903865078713,
    "mcts_turn": 12,
    "mcts_expansion_threshold": 1,
    "mcts_candidates_count": 3,
    "parallel_score_mul": 0.8583179781813353,
    "width_buf": 1.0823490024841353,
    "ucb1_tuned_coef": 0.6359647147910371
  }
}