{
  "study_name": "ahc040-20241209_070545-group-19",
  "n": 50,
  "t": 34,
  "sigma": 8725,
  "params": {
    "arrange_count": 8,
    "query_annealing_duration_sec": 0.1568180804212813,
    "mcmc_init_duration_sec": 0.0846180293217992,
    "beam_mcts_duration_ratio": 0.5234270616558406,
    "mcmc_duration_ratio": 0.09502174316303011,
    "mcts_turn": 16,
    "mcts_expansion_threshold": 5,
    "mcts_candidates_count": 5,
    "parallel_score_mul": 0.9415910578882536,
    "width_buf": 1.0955096024054982,
    "ucb1_tuned_coef": 0.6554751767394594
  }
}